,loc,v(g),ev(g),iv(g)
0,1.1,1.4,1.4,1.4
1,1.0,1.0,1.0,1.0
2,83.0,11.0,1.0,11.0
3,46.0,8.0,6.0,8.0
4,25.0,3.0,1.0,3.0
5,43.0,3.0,1.0,3.0
6,48.0,6.0,1.0,6.0
7,69.0,12.0,1.0,12.0
8,47.0,6.0,1.0,6.0
9,48.0,7.0,1.0,7.0
10,58.0,9.0,1.0,9.0
11,65.0,6.0,1.0,5.0
12,116.0,11.0,4.0,8.0
13,24.0,4.0,1.0,4.0
14,77.0,19.0,12.0,19.0
15,9.0,1.0,1.0,1.0
16,16.0,2.0,1.0,2.0
17,93.0,7.0,3.0,6.0
18,23.0,1.0,1.0,1.0
19,30.0,1.0,1.0,1.0
20,30.0,1.0,1.0,1.0
21,35.0,3.0,1.0,3.0
22,25.0,4.0,1.0,4.0
23,20.0,7.0,7.0,3.0
24,119.0,14.0,1.0,14.0
25,35.0,4.0,1.0,4.0
26,33.0,4.0,1.0,4.0
27,17.0,2.0,1.0,2.0
28,44.0,3.0,1.0,3.0
29,84.0,15.0,9.0,15.0
30,56.0,3.0,1.0,3.0
31,58.0,3.0,1.0,3.0
32,78.0,7.0,1.0,6.0
33,75.0,8.0,3.0,8.0
34,12.0,1.0,1.0,1.0
35,11.0,1.0,1.0,1.0
36,69.0,10.0,1.0,10.0
37,39.0,5.0,3.0,5.0
38,53.0,5.0,1.0,5.0
39,52.0,5.0,1.0,5.0
40,30.0,2.0,1.0,2.0
41,27.0,3.0,1.0,3.0
42,47.0,7.0,1.0,6.0
43,49.0,7.0,1.0,6.0
44,7.0,1.0,1.0,1.0
45,66.0,12.0,5.0,12.0
46,14.0,1.0,1.0,1.0
47,29.0,3.0,1.0,3.0
48,6.0,1.0,1.0,1.0
49,12.0,1.0,1.0,1.0
50,38.0,7.0,1.0,7.0
51,132.0,16.0,11.0,13.0
52,26.0,4.0,1.0,4.0
53,56.0,5.0,1.0,4.0
54,21.0,1.0,1.0,1.0
55,43.0,6.0,5.0,5.0
56,12.0,4.0,1.0,2.0
57,11.0,1.0,1.0,1.0
58,26.0,2.0,1.0,2.0
59,80.0,11.0,1.0,11.0
60,63.0,8.0,1.0,8.0
61,10.0,2.0,1.0,2.0
62,9.0,2.0,1.0,1.0
63,35.0,5.0,1.0,4.0
64,9.0,1.0,1.0,1.0
65,16.0,2.0,1.0,2.0
66,5.0,1.0,1.0,1.0
67,16.0,1.0,1.0,1.0
68,4.0,1.0,1.0,1.0
69,12.0,2.0,1.0,2.0
70,8.0,2.0,1.0,1.0
71,4.0,1.0,1.0,1.0
72,14.0,2.0,1.0,2.0
73,56.0,3.0,1.0,2.0
74,30.0,2.0,1.0,2.0
75,52.0,8.0,1.0,8.0
76,41.0,6.0,3.0,6.0
77,4.0,1.0,1.0,1.0
78,15.0,1.0,1.0,1.0
79,9.0,1.0,1.0,1.0
80,5.0,1.0,1.0,1.0
81,25.0,1.0,1.0,1.0
82,45.0,1.0,1.0,1.0
83,4.0,1.0,1.0,1.0
84,23.0,3.0,1.0,2.0
85,14.0,1.0,1.0,1.0
86,18.0,2.0,1.0,1.0
87,40.0,4.0,1.0,3.0
88,24.0,3.0,1.0,2.0
89,52.0,6.0,1.0,5.0
90,11.0,1.0,1.0,1.0
91,23.0,6.0,6.0,2.0
92,4.0,1.0,1.0,1.0
93,38.0,8.0,8.0,5.0
94,113.0,15.0,11.0,14.0
95,8.0,1.0,1.0,1.0
96,38.0,6.0,3.0,6.0
97,47.0,13.0,10.0,10.0
98,8.0,1.0,1.0,1.0
99,4.0,1.0,1.0,1.0
100,15.0,3.0,1.0,1.0
101,38.0,5.0,1.0,5.0
102,48.0,12.0,1.0,11.0
103,70.0,15.0,14.0,3.0
104,23.0,5.0,3.0,3.0
105,27.0,8.0,6.0,5.0
106,10.0,1.0,1.0,1.0
107,13.0,1.0,1.0,1.0
108,23.0,8.0,8.0,8.0
109,11.0,4.0,4.0,4.0
110,9.0,2.0,1.0,2.0
111,11.0,3.0,3.0,2.0
112,49.0,8.0,1.0,7.0
113,53.0,11.0,6.0,9.0
114,21.0,5.0,4.0,2.0
115,16.0,4.0,1.0,4.0
116,22.0,5.0,3.0,4.0
117,24.0,5.0,3.0,4.0
118,27.0,6.0,1.0,5.0
119,27.0,5.0,1.0,4.0
120,39.0,9.0,9.0,5.0
121,16.0,3.0,1.0,3.0
122,19.0,4.0,1.0,4.0
123,66.0,16.0,11.0,15.0
124,12.0,2.0,1.0,2.0
125,19.0,5.0,5.0,4.0
126,9.0,3.0,3.0,2.0
127,29.0,4.0,3.0,3.0
128,286.0,27.0,5.0,25.0
129,26.0,3.0,1.0,3.0
130,64.0,11.0,1.0,11.0
131,47.0,4.0,1.0,4.0
132,107.0,9.0,7.0,7.0
133,107.0,9.0,7.0,7.0
134,74.0,5.0,3.0,4.0
135,37.0,4.0,1.0,4.0
136,79.0,7.0,1.0,6.0
137,134.0,15.0,8.0,14.0
138,55.0,4.0,3.0,3.0
139,22.0,3.0,1.0,2.0
140,22.0,3.0,1.0,2.0
141,8.0,3.0,1.0,3.0
142,151.0,18.0,4.0,16.0
143,2.0,1.0,1.0,1.0
144,2.0,1.0,1.0,1.0
145,70.0,13.0,4.0,12.0
146,4.0,1.0,1.0,1.0
147,2.0,1.0,1.0,1.0
148,27.0,1.0,1.0,1.0
149,57.0,1.0,1.0,1.0
150,4.0,1.0,1.0,1.0
151,7.0,1.0,1.0,1.0
152,7.0,1.0,1.0,1.0
153,16.0,2.0,1.0,2.0
154,11.0,1.0,1.0,1.0
155,8.0,2.0,1.0,1.0
156,62.0,14.0,1.0,9.0
157,39.0,4.0,1.0,4.0
158,165.0,13.0,11.0,12.0
159,45.0,3.0,1.0,3.0
160,3.0,1.0,1.0,1.0
161,21.0,2.0,1.0,2.0
162,23.0,1.0,1.0,1.0
163,12.0,1.0,1.0,1.0
164,44.0,7.0,1.0,5.0
165,17.0,4.0,3.0,3.0
166,40.0,5.0,3.0,4.0
167,179.0,13.0,4.0,12.0
168,92.0,8.0,3.0,8.0
169,14.0,1.0,1.0,1.0
170,92.0,8.0,3.0,8.0
171,64.0,4.0,1.0,4.0
172,184.0,16.0,12.0,13.0
173,17.0,4.0,3.0,3.0
174,38.0,5.0,3.0,4.0
175,6.0,1.0,1.0,1.0
176,41.0,4.0,1.0,4.0
177,13.0,1.0,1.0,1.0
178,20.0,4.0,3.0,3.0
179,50.0,5.0,4.0,4.0
180,17.0,1.0,1.0,1.0
181,41.0,6.0,5.0,5.0
182,29.0,4.0,1.0,1.0
183,125.0,8.0,5.0,7.0
184,42.0,5.0,3.0,4.0
185,17.0,4.0,3.0,3.0
186,14.0,3.0,3.0,3.0
187,9.0,1.0,1.0,1.0
188,3.0,1.0,1.0,1.0
189,11.0,2.0,1.0,2.0
190,35.0,3.0,1.0,3.0
191,7.0,2.0,1.0,2.0
192,34.0,5.0,1.0,5.0
193,24.0,4.0,1.0,3.0
194,35.0,4.0,1.0,4.0
195,48.0,4.0,1.0,4.0
196,61.0,7.0,1.0,7.0
197,20.0,1.0,1.0,1.0
198,10.0,1.0,1.0,1.0
199,38.0,5.0,1.0,5.0
200,4.0,1.0,1.0,1.0
201,15.0,2.0,1.0,2.0
202,6.0,1.0,1.0,1.0
203,6.0,1.0,1.0,1.0
204,50.0,6.0,5.0,5.0
205,17.0,1.0,1.0,1.0
206,20.0,2.0,1.0,2.0
207,8.0,1.0,1.0,1.0
208,20.0,5.0,1.0,5.0
209,36.0,7.0,3.0,6.0
210,27.0,1.0,1.0,1.0
211,13.0,3.0,1.0,3.0
212,13.0,3.0,1.0,3.0
213,13.0,3.0,1.0,3.0
214,78.0,6.0,3.0,6.0
215,84.0,7.0,3.0,7.0
216,99.0,8.0,5.0,8.0
217,25.0,3.0,1.0,3.0
218,97.0,14.0,1.0,14.0
219,95.0,16.0,9.0,16.0
220,132.0,14.0,8.0,13.0
221,61.0,4.0,1.0,4.0
222,8.0,1.0,1.0,1.0
223,55.0,5.0,1.0,5.0
224,57.0,4.0,1.0,4.0
225,51.0,13.0,8.0,13.0
226,93.0,7.0,1.0,7.0
227,29.0,1.0,1.0,1.0
228,112.0,16.0,10.0,13.0
229,152.0,22.0,6.0,16.0
230,25.0,4.0,1.0,4.0
231,78.0,11.0,1.0,11.0
232,35.0,5.0,3.0,4.0
233,12.0,3.0,1.0,3.0
234,19.0,2.0,1.0,2.0
235,19.0,3.0,1.0,3.0
236,15.0,2.0,1.0,2.0
237,217.0,28.0,18.0,27.0
238,150.0,27.0,22.0,18.0
239,30.0,3.0,1.0,3.0
240,15.0,1.0,1.0,1.0
241,41.0,1.0,1.0,1.0
242,25.0,3.0,3.0,3.0
243,15.0,8.0,4.0,3.0
244,56.0,13.0,7.0,11.0
245,20.0,2.0,1.0,2.0
246,9.0,2.0,1.0,2.0
247,145.0,25.0,21.0,18.0
248,34.0,4.0,1.0,4.0
249,12.0,1.0,1.0,1.0
250,24.0,5.0,3.0,4.0
251,74.0,6.0,5.0,4.0
252,36.0,1.0,1.0,1.0
253,7.0,2.0,1.0,2.0
254,7.0,1.0,1.0,1.0
255,6.0,1.0,1.0,1.0
256,55.0,5.0,1.0,3.0
257,21.0,1.0,1.0,1.0
258,17.0,3.0,1.0,3.0
259,19.0,3.0,1.0,1.0
260,22.0,3.0,1.0,3.0
261,40.0,3.0,1.0,3.0
262,15.0,2.0,1.0,2.0
263,27.0,5.0,3.0,4.0
264,35.0,1.0,1.0,1.0
265,30.0,2.0,1.0,2.0
266,12.0,1.0,1.0,1.0
267,22.0,1.0,1.0,1.0
268,40.0,5.0,3.0,4.0
269,176.0,16.0,10.0,14.0
270,132.0,13.0,10.0,13.0
271,101.0,13.0,6.0,12.0
272,7.0,1.0,1.0,1.0
273,11.0,1.0,1.0,1.0
274,11.0,1.0,1.0,1.0
275,11.0,1.0,1.0,1.0
276,11.0,1.0,1.0,1.0
277,16.0,2.0,1.0,2.0
278,38.0,2.0,1.0,2.0
279,50.0,5.0,1.0,5.0
280,4.0,1.0,1.0,1.0
281,60.0,6.0,3.0,5.0
282,63.0,8.0,5.0,8.0
283,72.0,11.0,7.0,9.0
284,57.0,6.0,1.0,5.0
285,82.0,16.0,13.0,16.0
286,288.0,45.0,7.0,45.0
287,96.0,9.0,1.0,8.0
288,68.0,18.0,5.0,18.0
289,84.0,11.0,1.0,11.0
290,20.0,2.0,1.0,2.0
291,72.0,12.0,8.0,10.0
292,16.0,1.0,1.0,1.0
293,40.0,5.0,1.0,5.0
294,12.0,1.0,1.0,1.0
295,11.0,1.0,1.0,1.0
296,50.0,8.0,3.0,4.0
297,25.0,2.0,1.0,2.0
298,4.0,1.0,1.0,1.0
299,220.0,12.0,8.0,12.0
300,22.0,1.0,1.0,1.0
301,23.0,1.0,1.0,1.0
302,89.0,6.0,4.0,5.0
303,15.0,1.0,1.0,1.0
304,100.0,7.0,3.0,6.0
305,12.0,1.0,1.0,1.0
306,72.0,7.0,1.0,7.0
307,23.0,1.0,1.0,1.0
308,140.0,18.0,10.0,18.0
309,162.0,17.0,12.0,16.0
310,33.0,1.0,1.0,1.0
311,82.0,13.0,4.0,12.0
312,73.0,10.0,7.0,9.0
313,109.0,18.0,14.0,15.0
314,61.0,5.0,1.0,2.0
315,153.0,27.0,15.0,18.0
316,33.0,1.0,1.0,1.0
317,10.0,1.0,1.0,1.0
318,81.0,4.0,1.0,4.0
319,97.0,11.0,8.0,8.0
320,3.0,1.0,1.0,1.0
321,75.0,9.0,6.0,9.0
322,98.0,17.0,3.0,15.0
323,119.0,14.0,12.0,13.0
324,35.0,5.0,5.0,5.0
325,116.0,12.0,6.0,12.0
326,205.0,26.0,16.0,19.0
327,5.0,1.0,1.0,1.0
328,3.0,1.0,1.0,1.0
329,3.0,1.0,1.0,1.0
330,3.0,1.0,1.0,1.0
331,12.0,1.0,1.0,1.0
332,5.0,1.0,1.0,1.0
333,3.0,1.0,1.0,1.0
334,3.0,1.0,1.0,1.0
335,3.0,1.0,1.0,1.0
336,13.0,1.0,1.0,1.0
337,12.0,1.0,1.0,1.0
338,3.0,1.0,1.0,1.0
339,12.0,1.0,1.0,1.0
340,4.0,1.0,1.0,1.0
341,13.0,1.0,1.0,1.0
342,16.0,3.0,3.0,2.0
343,16.0,3.0,3.0,2.0
344,16.0,3.0,3.0,2.0
345,16.0,1.0,1.0,1.0
346,35.0,6.0,5.0,6.0
347,14.0,2.0,1.0,2.0
348,40.0,4.0,1.0,4.0
349,38.0,4.0,3.0,4.0
350,26.0,2.0,1.0,2.0
351,15.0,2.0,1.0,2.0
352,21.0,1.0,1.0,1.0
353,11.0,1.0,1.0,1.0
354,17.0,2.0,1.0,2.0
355,25.0,3.0,1.0,3.0
356,56.0,10.0,9.0,10.0
357,59.0,5.0,1.0,4.0
358,120.0,12.0,5.0,11.0
359,23.0,3.0,1.0,3.0
360,23.0,3.0,1.0,3.0
361,22.0,3.0,1.0,3.0
362,31.0,2.0,1.0,2.0
363,13.0,1.0,1.0,1.0
364,17.0,1.0,1.0,1.0
365,32.0,4.0,1.0,4.0
366,17.0,1.0,1.0,1.0
367,74.0,7.0,1.0,6.0
368,23.0,3.0,1.0,3.0
369,20.0,2.0,1.0,2.0
370,13.0,2.0,1.0,2.0
371,30.0,2.0,1.0,2.0
372,38.0,6.0,3.0,6.0
373,55.0,5.0,1.0,5.0
374,24.0,3.0,1.0,3.0
375,36.0,9.0,9.0,9.0
376,210.0,25.0,11.0,25.0
377,7.0,1.0,1.0,1.0
378,8.0,1.0,1.0,1.0
379,23.0,2.0,1.0,2.0
380,9.0,1.0,1.0,1.0
381,34.0,5.0,3.0,5.0
382,9.0,1.0,1.0,1.0
383,63.0,11.0,5.0,11.0
384,7.0,1.0,1.0,1.0
385,28.0,2.0,1.0,2.0
386,14.0,1.0,1.0,1.0
387,29.0,4.0,1.0,4.0
388,41.0,8.0,5.0,8.0
389,18.0,1.0,1.0,1.0
390,14.0,1.0,1.0,1.0
391,4.0,1.0,1.0,1.0
392,11.0,1.0,1.0,1.0
393,4.0,1.0,1.0,1.0
394,6.0,1.0,1.0,1.0
395,18.0,2.0,1.0,2.0
396,2.0,1.0,1.0,1.0
397,43.0,5.0,1.0,5.0
398,2.0,1.0,1.0,1.0
399,8.0,1.0,1.0,1.0
400,10.0,1.0,1.0,1.0
401,3.0,1.0,1.0,1.0
402,5.0,1.0,1.0,1.0
403,7.0,1.0,1.0,1.0
404,3.0,1.0,1.0,1.0
405,13.0,1.0,1.0,1.0
406,11.0,1.0,1.0,1.0
407,3.0,1.0,1.0,1.0
408,4.0,1.0,1.0,1.0
409,3.0,1.0,1.0,1.0
410,39.0,2.0,1.0,2.0
411,1.0,1.0,1.0,1.0
412,4.0,1.0,1.0,1.0
413,13.0,1.0,1.0,1.0
414,4.0,1.0,1.0,1.0
415,2.0,1.0,1.0,1.0
416,10.0,1.0,1.0,1.0
417,20.0,1.0,1.0,1.0
418,4.0,1.0,1.0,1.0
419,14.0,1.0,1.0,1.0
420,13.0,1.0,1.0,1.0
421,15.0,1.0,1.0,1.0
422,24.0,1.0,1.0,1.0
423,19.0,3.0,3.0,3.0
424,17.0,1.0,1.0,1.0
425,63.0,9.0,8.0,9.0
426,6.0,1.0,1.0,1.0
427,9.0,1.0,1.0,1.0
428,9.0,1.0,1.0,1.0
429,6.0,1.0,1.0,1.0
430,6.0,1.0,1.0,1.0
431,6.0,1.0,1.0,1.0
432,10.0,1.0,1.0,1.0
433,6.0,1.0,1.0,1.0
434,6.0,1.0,1.0,1.0
435,10.0,1.0,1.0,1.0
436,87.0,9.0,1.0,9.0
437,51.0,6.0,1.0,6.0
438,88.0,14.0,10.0,9.0
439,59.0,6.0,1.0,6.0
440,1.0,1.0,1.0,1.0
441,4.0,1.0,1.0,1.0
442,1.0,1.0,1.0,1.0
443,4.0,1.0,1.0,1.0
444,1.0,1.0,1.0,1.0
445,1.0,1.0,1.0,1.0
446,1.0,1.0,1.0,1.0
447,4.0,1.0,1.0,1.0
448,56.0,7.0,3.0,7.0
449,4.0,1.0,1.0,1.0
450,4.0,1.0,1.0,1.0
451,4.0,1.0,1.0,1.0
452,1.0,1.0,1.0,1.0
453,1.0,1.0,1.0,1.0
454,4.0,1.0,1.0,1.0
455,4.0,1.0,1.0,1.0
456,4.0,1.0,1.0,1.0
457,4.0,1.0,1.0,1.0
458,1.0,1.0,1.0,1.0
459,4.0,1.0,1.0,1.0
460,4.0,1.0,1.0,1.0
461,1.0,1.0,1.0,1.0
462,4.0,1.0,1.0,1.0
463,9.0,1.0,1.0,1.0
464,1.0,1.0,1.0,1.0
465,4.0,1.0,1.0,1.0
466,4.0,1.0,1.0,1.0
467,4.0,1.0,1.0,1.0
468,1.0,1.0,1.0,1.0
469,1.0,1.0,1.0,1.0
470,4.0,1.0,1.0,1.0
471,4.0,1.0,1.0,1.0
472,4.0,1.0,1.0,1.0
473,1.0,1.0,1.0,1.0
474,1.0,1.0,1.0,1.0
475,1.0,1.0,1.0,1.0
476,4.0,1.0,1.0,1.0
477,1.0,1.0,1.0,1.0
478,1.0,1.0,1.0,1.0
479,1.0,1.0,1.0,1.0
480,4.0,1.0,1.0,1.0
481,1.0,1.0,1.0,1.0
482,4.0,1.0,1.0,1.0
483,4.0,1.0,1.0,1.0
484,4.0,1.0,1.0,1.0
485,4.0,1.0,1.0,1.0
486,4.0,1.0,1.0,1.0
487,1.0,1.0,1.0,1.0
488,4.0,1.0,1.0,1.0
489,4.0,1.0,1.0,1.0
490,4.0,1.0,1.0,1.0
491,16.0,2.0,1.0,2.0
492,16.0,2.0,1.0,2.0
493,18.0,2.0,1.0,2.0
494,7.0,1.0,1.0,1.0
495,8.0,1.0,1.0,1.0
496,14.0,2.0,1.0,2.0
497,16.0,2.0,1.0,2.0
498,16.0,2.0,1.0,2.0
499,17.0,2.0,1.0,2.0
500,17.0,2.0,1.0,2.0
501,17.0,2.0,1.0,2.0
502,7.0,1.0,1.0,1.0
503,17.0,2.0,1.0,2.0
504,9.0,1.0,1.0,1.0
505,14.0,2.0,1.0,2.0
506,16.0,2.0,1.0,2.0
507,17.0,2.0,1.0,2.0
508,17.0,2.0,1.0,2.0
509,17.0,2.0,1.0,2.0
510,17.0,2.0,1.0,2.0
511,17.0,2.0,1.0,2.0
512,16.0,2.0,1.0,2.0
513,17.0,2.0,1.0,2.0
514,17.0,2.0,1.0,2.0
515,49.0,9.0,5.0,9.0
516,13.0,2.0,1.0,2.0
517,14.0,1.0,1.0,1.0
518,4.0,1.0,1.0,1.0
519,2.0,1.0,1.0,1.0
520,2.0,1.0,1.0,1.0
521,2.0,1.0,1.0,1.0
522,6.0,1.0,1.0,1.0
523,2.0,1.0,1.0,1.0
524,2.0,1.0,1.0,1.0
525,2.0,1.0,1.0,1.0
526,2.0,1.0,1.0,1.0
527,28.0,4.0,1.0,1.0
528,28.0,4.0,1.0,1.0
529,23.0,3.0,1.0,3.0
530,4.0,1.0,1.0,1.0
531,4.0,1.0,1.0,1.0
532,4.0,1.0,1.0,1.0
533,35.0,2.0,1.0,1.0
534,4.0,1.0,1.0,1.0
535,4.0,1.0,1.0,1.0
536,4.0,1.0,1.0,1.0
537,4.0,1.0,1.0,1.0
538,47.0,3.0,1.0,3.0
539,4.0,1.0,1.0,1.0
540,41.0,5.0,3.0,5.0
541,41.0,5.0,3.0,5.0
542,53.0,5.0,3.0,5.0
543,15.0,4.0,3.0,4.0
544,14.0,2.0,1.0,2.0
545,82.0,9.0,1.0,9.0
546,41.0,5.0,3.0,5.0
547,60.0,6.0,1.0,5.0
548,12.0,1.0,1.0,1.0
549,11.0,3.0,1.0,3.0
550,68.0,7.0,1.0,7.0
551,11.0,1.0,1.0,1.0
552,60.0,11.0,5.0,11.0
553,24.0,4.0,1.0,4.0
554,51.0,13.0,8.0,13.0
555,12.0,2.0,1.0,2.0
556,13.0,1.0,1.0,1.0
557,4.0,1.0,1.0,1.0
558,16.0,2.0,1.0,2.0
559,4.0,1.0,1.0,1.0
560,12.0,2.0,1.0,2.0
561,51.0,13.0,8.0,13.0
562,13.0,1.0,1.0,1.0
563,4.0,1.0,1.0,1.0
564,24.0,3.0,3.0,3.0
565,54.0,18.0,11.0,18.0
566,13.0,2.0,1.0,2.0
567,7.0,1.0,1.0,1.0
568,8.0,1.0,1.0,1.0
569,25.0,4.0,1.0,4.0
570,7.0,1.0,1.0,1.0
571,53.0,7.0,3.0,7.0
572,64.0,12.0,5.0,12.0
573,18.0,1.0,1.0,1.0
574,5.0,1.0,1.0,1.0
575,13.0,2.0,1.0,2.0
576,15.0,1.0,1.0,1.0
577,4.0,1.0,1.0,1.0
578,23.0,2.0,1.0,2.0
579,4.0,1.0,1.0,1.0
580,4.0,1.0,1.0,1.0
581,48.0,6.0,3.0,6.0
582,24.0,3.0,3.0,3.0
583,15.0,1.0,1.0,1.0
584,39.0,5.0,3.0,5.0
585,63.0,8.0,1.0,7.0
586,23.0,2.0,1.0,2.0
587,17.0,1.0,1.0,1.0
588,34.0,3.0,1.0,3.0
589,26.0,2.0,1.0,2.0
590,22.0,2.0,1.0,2.0
591,31.0,3.0,1.0,3.0
592,23.0,2.0,1.0,2.0
593,24.0,2.0,1.0,2.0
594,16.0,1.0,1.0,1.0
595,23.0,2.0,1.0,2.0
596,16.0,1.0,1.0,1.0
597,16.0,1.0,1.0,1.0
598,16.0,1.0,1.0,1.0
599,23.0,1.0,1.0,1.0
600,23.0,2.0,1.0,2.0
601,16.0,1.0,1.0,1.0
602,23.0,2.0,1.0,2.0
603,16.0,1.0,1.0,1.0
604,18.0,1.0,1.0,1.0
605,18.0,1.0,1.0,1.0
606,27.0,2.0,1.0,2.0
607,18.0,1.0,1.0,1.0
608,18.0,1.0,1.0,1.0
609,127.0,25.0,7.0,22.0
610,25.0,5.0,5.0,4.0
611,48.0,4.0,1.0,4.0
612,6.0,2.0,1.0,1.0
613,60.0,2.0,1.0,2.0
614,22.0,2.0,1.0,2.0
615,22.0,2.0,1.0,2.0
616,20.0,2.0,1.0,2.0
617,21.0,3.0,1.0,3.0
618,31.0,6.0,5.0,6.0
619,52.0,7.0,3.0,7.0
620,6.0,1.0,1.0,1.0
621,5.0,1.0,1.0,1.0
622,7.0,1.0,1.0,1.0
623,18.0,1.0,1.0,1.0
624,13.0,2.0,1.0,2.0
625,51.0,13.0,8.0,13.0
626,15.0,1.0,1.0,1.0
627,4.0,1.0,1.0,1.0
628,12.0,2.0,1.0,2.0
629,15.0,1.0,1.0,1.0
630,4.0,1.0,1.0,1.0
631,13.0,2.0,1.0,2.0
632,51.0,13.0,8.0,13.0
633,15.0,1.0,1.0,1.0
634,4.0,1.0,1.0,1.0
635,112.0,12.0,7.0,12.0
636,33.0,4.0,1.0,4.0
637,33.0,4.0,1.0,4.0
638,38.0,4.0,3.0,4.0
639,34.0,3.0,1.0,3.0
640,9.0,1.0,1.0,1.0
641,34.0,5.0,4.0,5.0
642,24.0,2.0,1.0,2.0
643,29.0,3.0,1.0,3.0
644,17.0,2.0,1.0,2.0
645,3.0,1.0,1.0,1.0
646,3.0,1.0,1.0,1.0
647,3.0,1.0,1.0,1.0
648,3.0,1.0,1.0,1.0
649,3.0,1.0,1.0,1.0
650,12.0,1.0,1.0,1.0
651,20.0,1.0,1.0,1.0
652,5.0,1.0,1.0,1.0
653,28.0,2.0,1.0,2.0
654,18.0,1.0,1.0,1.0
655,10.0,1.0,1.0,1.0
656,8.0,1.0,1.0,1.0
657,5.0,1.0,1.0,1.0
658,32.0,3.0,1.0,3.0
659,23.0,1.0,1.0,1.0
660,23.0,1.0,1.0,1.0
661,31.0,4.0,1.0,4.0
662,40.0,4.0,1.0,4.0
663,5.0,1.0,1.0,1.0
664,16.0,1.0,1.0,1.0
665,28.0,5.0,1.0,4.0
666,14.0,1.0,1.0,1.0
667,30.0,4.0,1.0,4.0
668,24.0,3.0,1.0,3.0
669,9.0,1.0,1.0,1.0
670,3.0,1.0,1.0,1.0
671,3.0,1.0,1.0,1.0
672,8.0,1.0,1.0,1.0
673,8.0,1.0,1.0,1.0
674,37.0,4.0,1.0,4.0
675,15.0,2.0,1.0,2.0
676,5.0,1.0,1.0,1.0
677,8.0,1.0,1.0,1.0
678,25.0,1.0,1.0,1.0
679,22.0,1.0,1.0,1.0
680,32.0,4.0,1.0,4.0
681,1.0,1.0,1.0,1.0
682,18.0,2.0,1.0,2.0
683,1.0,1.0,1.0,1.0
684,1.0,1.0,1.0,1.0
685,1.0,1.0,1.0,1.0
686,1.0,1.0,1.0,1.0
687,1.0,1.0,1.0,1.0
688,1.0,1.0,1.0,1.0
689,1.0,1.0,1.0,1.0
690,1.0,1.0,1.0,1.0
691,16.0,3.0,1.0,3.0
692,4.0,1.0,1.0,1.0
693,4.0,1.0,1.0,1.0
694,1.0,1.0,1.0,1.0
695,19.0,4.0,1.0,4.0
696,19.0,4.0,1.0,4.0
697,1.0,1.0,1.0,1.0
698,1.0,1.0,1.0,1.0
699,1.0,1.0,1.0,1.0
700,1.0,1.0,1.0,1.0
701,1.0,1.0,1.0,1.0
702,1.0,1.0,1.0,1.0
703,9.0,1.0,1.0,1.0
704,1.0,1.0,1.0,1.0
705,1.0,1.0,1.0,1.0
706,4.0,1.0,1.0,1.0
707,1.0,1.0,1.0,1.0
708,12.0,1.0,1.0,1.0
709,12.0,1.0,1.0,1.0
710,12.0,1.0,1.0,1.0
711,12.0,1.0,1.0,1.0
712,5.0,1.0,1.0,1.0
713,20.0,1.0,1.0,1.0
714,10.0,1.0,1.0,1.0
715,28.0,4.0,1.0,1.0
716,55.0,6.0,3.0,4.0
717,5.0,1.0,1.0,1.0
718,2.0,1.0,1.0,1.0
719,12.0,2.0,1.0,2.0
720,12.0,1.0,1.0,1.0
721,12.0,1.0,1.0,1.0
722,15.0,1.0,1.0,1.0
723,12.0,2.0,1.0,2.0
724,6.0,1.0,1.0,1.0
725,14.0,2.0,1.0,2.0
726,23.0,5.0,1.0,5.0
727,5.0,1.0,1.0,1.0
728,18.0,1.0,1.0,1.0
729,16.0,1.0,1.0,1.0
730,10.0,1.0,1.0,1.0
731,8.0,1.0,1.0,1.0
732,5.0,1.0,1.0,1.0
733,16.0,1.0,1.0,1.0
734,14.0,1.0,1.0,1.0
735,10.0,1.0,1.0,1.0
736,38.0,4.0,3.0,4.0
737,18.0,1.0,1.0,1.0
738,13.0,1.0,1.0,1.0
739,15.0,1.0,1.0,1.0
740,16.0,1.0,1.0,1.0
741,14.0,1.0,1.0,1.0
742,14.0,3.0,1.0,3.0
743,10.0,1.0,1.0,1.0
744,13.0,1.0,1.0,1.0
745,11.0,1.0,1.0,1.0
746,7.0,2.0,1.0,2.0
747,4.0,1.0,1.0,1.0
748,3.0,1.0,1.0,1.0
749,4.0,1.0,1.0,1.0
750,4.0,1.0,1.0,1.0
751,4.0,1.0,1.0,1.0
752,4.0,1.0,1.0,1.0
753,7.0,1.0,1.0,1.0
754,4.0,1.0,1.0,1.0
755,8.0,1.0,1.0,1.0
756,8.0,1.0,1.0,1.0
757,8.0,1.0,1.0,1.0
758,45.0,6.0,1.0,6.0
759,19.0,2.0,1.0,2.0
760,7.0,2.0,1.0,2.0
761,7.0,2.0,1.0,2.0
762,7.0,2.0,1.0,2.0
763,7.0,2.0,1.0,2.0
764,73.0,12.0,1.0,9.0
765,7.0,2.0,1.0,2.0
766,4.0,1.0,1.0,1.0
767,11.0,3.0,1.0,2.0
768,9.0,3.0,1.0,3.0
769,38.0,9.0,1.0,2.0
770,6.0,1.0,1.0,1.0
771,6.0,1.0,1.0,1.0
772,31.0,4.0,1.0,4.0
773,5.0,1.0,1.0,1.0
774,5.0,1.0,1.0,1.0
775,5.0,1.0,1.0,1.0
776,5.0,1.0,1.0,1.0
777,6.0,1.0,1.0,1.0
778,5.0,1.0,1.0,1.0
779,5.0,1.0,1.0,1.0
780,5.0,1.0,1.0,1.0
781,5.0,1.0,1.0,1.0
782,17.0,3.0,1.0,3.0
783,29.0,4.0,1.0,3.0
784,15.0,2.0,1.0,1.0
785,2.0,1.0,1.0,1.0
786,2.0,1.0,1.0,1.0
787,1.0,1.0,1.0,1.0
788,4.0,1.0,1.0,1.0
789,2.0,1.0,1.0,1.0
790,1.0,1.0,1.0,1.0
791,1.0,1.0,1.0,1.0
792,2.0,1.0,1.0,1.0
793,4.0,1.0,1.0,1.0
794,2.0,1.0,1.0,1.0
795,4.0,1.0,1.0,1.0
796,5.0,1.0,1.0,1.0
797,5.0,1.0,1.0,1.0
798,79.0,7.0,4.0,5.0
799,1.0,1.0,1.0,1.0
800,4.0,1.0,1.0,1.0
801,4.0,1.0,1.0,1.0
802,4.0,1.0,1.0,1.0
803,4.0,1.0,1.0,1.0
804,1.0,1.0,1.0,1.0
805,4.0,1.0,1.0,1.0
806,4.0,1.0,1.0,1.0
807,4.0,1.0,1.0,1.0
808,4.0,1.0,1.0,1.0
809,6.0,1.0,1.0,1.0
810,6.0,1.0,1.0,1.0
811,6.0,1.0,1.0,1.0
812,6.0,1.0,1.0,1.0
813,7.0,2.0,1.0,2.0
814,12.0,2.0,1.0,2.0
815,23.0,5.0,1.0,2.0
816,13.0,2.0,1.0,2.0
817,41.0,7.0,1.0,1.0
818,10.0,2.0,1.0,2.0
819,10.0,2.0,1.0,2.0
820,10.0,2.0,1.0,2.0
821,10.0,2.0,1.0,2.0
822,6.0,1.0,1.0,1.0
823,4.0,1.0,1.0,1.0
824,14.0,2.0,1.0,2.0
825,4.0,1.0,1.0,1.0
826,4.0,1.0,1.0,1.0
827,4.0,1.0,1.0,1.0
828,7.0,2.0,1.0,2.0
829,1.0,1.0,1.0,1.0
830,8.0,2.0,1.0,2.0
831,4.0,1.0,1.0,1.0
832,40.0,4.0,1.0,4.0
833,1.0,1.0,1.0,1.0
834,37.0,4.0,1.0,4.0
835,3.0,1.0,1.0,1.0
836,143.0,17.0,1.0,6.0
837,6.0,1.0,1.0,1.0
838,5.0,1.0,1.0,1.0
839,3.0,1.0,1.0,1.0
840,107.0,18.0,11.0,12.0
841,4.0,1.0,1.0,1.0
842,4.0,1.0,1.0,1.0
843,4.0,1.0,1.0,1.0
844,4.0,1.0,1.0,1.0
845,4.0,1.0,1.0,1.0
846,53.0,3.0,1.0,2.0
847,34.0,5.0,1.0,3.0
848,4.0,1.0,1.0,1.0
849,4.0,1.0,1.0,1.0
850,4.0,1.0,1.0,1.0
851,1.0,1.0,1.0,1.0
852,39.0,3.0,1.0,3.0
853,52.0,5.0,3.0,5.0
854,20.0,4.0,1.0,1.0
855,25.0,4.0,1.0,3.0
856,28.0,4.0,1.0,3.0
857,28.0,4.0,1.0,3.0
858,5.0,1.0,1.0,1.0
859,3.0,1.0,1.0,1.0
860,3.0,1.0,1.0,1.0
861,3.0,1.0,1.0,1.0
862,3.0,1.0,1.0,1.0
863,1.0,1.0,1.0,1.0
864,32.0,4.0,3.0,3.0
865,13.0,2.0,1.0,1.0
866,73.0,7.0,1.0,7.0
867,16.0,2.0,1.0,2.0
868,2.0,1.0,1.0,1.0
869,283.0,34.0,26.0,29.0
870,18.0,3.0,1.0,2.0
871,4.0,1.0,1.0,1.0
872,4.0,1.0,1.0,1.0
873,21.0,2.0,1.0,2.0
874,1.0,1.0,1.0,1.0
875,9.0,1.0,1.0,1.0
876,4.0,1.0,1.0,1.0
877,3.0,1.0,1.0,1.0
878,1.0,1.0,1.0,1.0
879,3.0,1.0,1.0,1.0
880,10.0,2.0,1.0,2.0
881,9.0,2.0,1.0,1.0
882,2.0,1.0,1.0,1.0
883,2.0,1.0,1.0,1.0
884,2.0,1.0,1.0,1.0
885,2.0,1.0,1.0,1.0
886,2.0,1.0,1.0,1.0
887,5.0,1.0,1.0,1.0
888,2.0,1.0,1.0,1.0
889,5.0,1.0,1.0,1.0
890,26.0,3.0,1.0,3.0
891,35.0,3.0,1.0,3.0
892,1.0,1.0,1.0,1.0
893,13.0,1.0,1.0,1.0
894,131.0,17.0,10.0,15.0
895,1.0,1.0,1.0,1.0
896,2.0,1.0,1.0,1.0
897,4.0,1.0,1.0,1.0
898,1.0,1.0,1.0,1.0
899,33.0,3.0,1.0,3.0
900,44.0,6.0,3.0,6.0
901,12.0,2.0,1.0,2.0
902,14.0,2.0,1.0,2.0
903,36.0,3.0,1.0,3.0
904,16.0,2.0,1.0,2.0
905,91.0,8.0,1.0,8.0
906,2.0,1.0,1.0,1.0
907,2.0,1.0,1.0,1.0
908,3.0,1.0,1.0,1.0
909,9.0,2.0,1.0,2.0
910,9.0,3.0,1.0,1.0
911,12.0,3.0,3.0,3.0
912,83.0,7.0,1.0,6.0
913,79.0,7.0,1.0,4.0
914,120.0,19.0,6.0,11.0
915,131.0,20.0,7.0,12.0
916,17.0,3.0,1.0,2.0
917,9.0,1.0,1.0,1.0
918,9.0,1.0,1.0,1.0
919,3.0,1.0,1.0,1.0
920,1.0,1.0,1.0,1.0
921,7.0,2.0,1.0,2.0
922,14.0,3.0,1.0,2.0
923,13.0,3.0,1.0,2.0
924,1.0,1.0,1.0,1.0
925,2.0,1.0,1.0,1.0
926,2.0,1.0,1.0,1.0
927,2.0,1.0,1.0,1.0
928,1.0,1.0,1.0,1.0
929,8.0,1.0,1.0,1.0
930,2.0,1.0,1.0,1.0
931,1.0,1.0,1.0,1.0
932,1.0,1.0,1.0,1.0
933,1.0,1.0,1.0,1.0
934,1.0,1.0,1.0,1.0
935,2.0,1.0,1.0,1.0
936,9.0,2.0,1.0,2.0
937,16.0,3.0,1.0,3.0
938,9.0,2.0,1.0,2.0
939,54.0,4.0,1.0,2.0
940,6.0,2.0,1.0,2.0
941,4.0,1.0,1.0,1.0
942,10.0,1.0,1.0,1.0
943,14.0,3.0,1.0,1.0
944,20.0,4.0,1.0,4.0
945,11.0,1.0,1.0,1.0
946,12.0,3.0,1.0,3.0
947,4.0,1.0,1.0,1.0
948,18.0,3.0,1.0,1.0
949,20.0,4.0,1.0,1.0
950,12.0,3.0,1.0,3.0
951,16.0,4.0,1.0,1.0
952,6.0,2.0,1.0,2.0
953,6.0,2.0,1.0,2.0
954,2.0,1.0,1.0,1.0
955,2.0,1.0,1.0,1.0
956,10.0,1.0,1.0,1.0
957,4.0,1.0,1.0,1.0
958,4.0,1.0,1.0,1.0
959,2.0,1.0,1.0,1.0
960,1.0,1.0,1.0,1.0
961,1.0,1.0,1.0,1.0
962,10.0,2.0,1.0,1.0
963,9.0,2.0,1.0,2.0
964,2.0,1.0,1.0,1.0
965,2.0,1.0,1.0,1.0
966,2.0,1.0,1.0,1.0
967,2.0,1.0,1.0,1.0
968,15.0,1.0,1.0,1.0
969,20.0,2.0,1.0,2.0
970,8.0,1.0,1.0,1.0
971,2.0,1.0,1.0,1.0
972,2.0,1.0,1.0,1.0
973,2.0,1.0,1.0,1.0
974,88.0,15.0,1.0,14.0
975,26.0,4.0,3.0,3.0
976,27.0,7.0,7.0,2.0
977,15.0,1.0,1.0,1.0
978,20.0,2.0,1.0,2.0
979,15.0,1.0,1.0,1.0
980,20.0,2.0,1.0,2.0
981,36.0,9.0,9.0,2.0
982,4.0,1.0,1.0,1.0
983,3.0,1.0,1.0,1.0
984,3.0,1.0,1.0,1.0
985,45.0,6.0,5.0,6.0
986,116.0,17.0,8.0,16.0
987,44.0,7.0,5.0,7.0
988,32.0,4.0,1.0,4.0
989,26.0,2.0,1.0,2.0
990,99.0,19.0,15.0,19.0
991,52.0,10.0,6.0,10.0
992,52.0,6.0,1.0,6.0
993,5.0,1.0,1.0,1.0
994,93.0,10.0,3.0,10.0
995,31.0,2.0,1.0,2.0
996,4.0,1.0,1.0,1.0
997,2.0,1.0,1.0,1.0
998,4.0,1.0,1.0,1.0
999,22.0,3.0,1.0,3.0
1000,2.0,1.0,1.0,1.0
1001,2.0,1.0,1.0,1.0
1002,2.0,1.0,1.0,1.0
1003,2.0,1.0,1.0,1.0
1004,2.0,1.0,1.0,1.0
1005,2.0,1.0,1.0,1.0
1006,2.0,1.0,1.0,1.0
1007,2.0,1.0,1.0,1.0
1008,2.0,1.0,1.0,1.0
1009,2.0,1.0,1.0,1.0
1010,2.0,1.0,1.0,1.0
1011,2.0,1.0,1.0,1.0
1012,2.0,1.0,1.0,1.0
1013,2.0,1.0,1.0,1.0
1014,2.0,1.0,1.0,1.0
1015,2.0,1.0,1.0,1.0
1016,2.0,1.0,1.0,1.0
1017,2.0,1.0,1.0,1.0
1018,2.0,1.0,1.0,1.0
1019,2.0,1.0,1.0,1.0
1020,25.0,3.0,1.0,3.0
1021,2.0,1.0,1.0,1.0
1022,2.0,1.0,1.0,1.0
1023,2.0,1.0,1.0,1.0
1024,2.0,1.0,1.0,1.0
1025,2.0,1.0,1.0,1.0
1026,2.0,1.0,1.0,1.0
1027,66.0,9.0,1.0,9.0
1028,2.0,1.0,1.0,1.0
1029,2.0,1.0,1.0,1.0
1030,2.0,2.0,1.0,1.0
1031,5.0,1.0,1.0,1.0
1032,28.0,4.0,1.0,1.0
1033,4.0,1.0,1.0,1.0
1034,4.0,1.0,1.0,1.0
1035,4.0,1.0,1.0,1.0
1036,62.0,10.0,7.0,10.0
1037,44.0,8.0,7.0,5.0
1038,44.0,8.0,7.0,5.0
1039,3.0,1.0,1.0,1.0
1040,19.0,2.0,1.0,2.0
1041,3.0,1.0,1.0,1.0
1042,15.0,1.0,1.0,1.0
1043,24.0,2.0,1.0,2.0
1044,21.0,3.0,1.0,3.0
1045,12.0,1.0,1.0,1.0
1046,42.0,5.0,3.0,3.0
1047,5.0,3.0,3.0,1.0
1048,2.0,1.0,1.0,1.0
1049,45.0,11.0,4.0,3.0
1050,2.0,1.0,1.0,1.0
1051,9.0,3.0,3.0,2.0
1052,2.0,1.0,1.0,1.0
1053,2.0,1.0,1.0,1.0
1054,2.0,1.0,1.0,1.0
1055,2.0,1.0,1.0,1.0
1056,20.0,3.0,3.0,2.0
1057,2.0,1.0,1.0,1.0
1058,20.0,3.0,3.0,3.0
1059,13.0,5.0,5.0,1.0
1060,15.0,3.0,1.0,1.0
1061,28.0,11.0,11.0,10.0
1062,2.0,1.0,1.0,1.0
1063,6.0,1.0,1.0,1.0
1064,2.0,1.0,1.0,1.0
1065,2.0,1.0,1.0,1.0
1066,2.0,1.0,1.0,1.0
1067,2.0,1.0,1.0,1.0
1068,76.0,13.0,10.0,7.0
1069,69.0,11.0,10.0,7.0
1070,2.0,1.0,1.0,1.0
1071,2.0,1.0,1.0,1.0
1072,2.0,1.0,1.0,1.0
1073,39.0,1.0,1.0,1.0
1074,2.0,1.0,1.0,1.0
1075,2.0,2.0,1.0,1.0
1076,46.0,7.0,1.0,7.0
1077,5.0,1.0,1.0,1.0
1078,36.0,6.0,4.0,6.0
1079,6.0,1.0,1.0,1.0
1080,3.0,1.0,1.0,1.0
1081,3.0,1.0,1.0,1.0
1082,8.0,2.0,1.0,1.0
1083,60.0,17.0,5.0,7.0
1084,70.0,20.0,5.0,6.0
1085,93.0,25.0,5.0,11.0
1086,44.0,13.0,7.0,6.0
1087,3.0,1.0,1.0,1.0
1088,2.0,1.0,1.0,1.0
1089,3.0,1.0,1.0,1.0
1090,2.0,1.0,1.0,1.0
1091,3.0,1.0,1.0,1.0
1092,31.0,1.0,1.0,1.0
1093,6.0,1.0,1.0,1.0
1094,34.0,1.0,1.0,1.0
1095,21.0,2.0,1.0,2.0
1096,45.0,3.0,1.0,3.0
1097,6.0,1.0,1.0,1.0
1098,27.0,2.0,1.0,2.0
1099,48.0,10.0,8.0,4.0
1100,6.0,1.0,1.0,1.0
1101,27.0,3.0,1.0,3.0
1102,27.0,1.0,1.0,1.0
1103,37.0,1.0,1.0,1.0
1104,6.0,1.0,1.0,1.0
1105,26.0,2.0,1.0,2.0
1106,15.0,2.0,1.0,2.0
1107,6.0,1.0,1.0,1.0
1108,4.0,1.0,1.0,1.0
1109,9.0,1.0,1.0,1.0
1110,4.0,1.0,1.0,1.0
1111,5.0,1.0,1.0,1.0
1112,2.0,1.0,1.0,1.0
1113,4.0,1.0,1.0,1.0
1114,3.0,1.0,1.0,1.0
1115,3.0,1.0,1.0,1.0
1116,131.0,18.0,1.0,18.0
1117,15.0,1.0,1.0,1.0
1118,20.0,2.0,1.0,2.0
1119,15.0,2.0,1.0,2.0
1120,20.0,2.0,1.0,2.0
1121,15.0,1.0,1.0,1.0
1122,15.0,2.0,1.0,2.0
1123,17.0,2.0,1.0,2.0
1124,9.0,1.0,1.0,1.0
1125,1.0,1.0,1.0,1.0
1126,15.0,1.0,1.0,1.0
1127,15.0,1.0,1.0,1.0
1128,19.0,2.0,1.0,2.0
1129,1.0,1.0,1.0,1.0
1130,15.0,1.0,1.0,1.0
1131,2.0,1.0,1.0,1.0
1132,38.0,3.0,1.0,3.0
1133,44.0,5.0,3.0,4.0
1134,4.0,1.0,1.0,1.0
1135,4.0,1.0,1.0,1.0
1136,4.0,1.0,1.0,1.0
1137,4.0,1.0,1.0,1.0
1138,27.0,1.0,1.0,1.0
1139,6.0,1.0,1.0,1.0
1140,29.0,2.0,1.0,2.0
1141,38.0,1.0,1.0,1.0
1142,23.0,2.0,1.0,2.0
1143,15.0,2.0,1.0,2.0
1144,27.0,2.0,1.0,2.0
1145,26.0,1.0,1.0,1.0
1146,24.0,1.0,1.0,1.0
1147,6.0,1.0,1.0,1.0
1148,23.0,2.0,1.0,2.0
1149,21.0,2.0,1.0,2.0
1150,15.0,2.0,1.0,2.0
1151,26.0,2.0,1.0,2.0
1152,13.0,1.0,1.0,1.0
1153,15.0,2.0,1.0,2.0
1154,4.0,1.0,1.0,1.0
1155,4.0,1.0,1.0,1.0
1156,10.0,1.0,1.0,1.0
1157,3.0,1.0,1.0,1.0
1158,4.0,1.0,1.0,1.0
1159,3.0,1.0,1.0,1.0
1160,7.0,3.0,1.0,3.0
1161,3.0,1.0,1.0,1.0
1162,4.0,1.0,1.0,1.0
1163,3.0,1.0,1.0,1.0
1164,7.0,3.0,1.0,3.0
1165,3.0,1.0,1.0,1.0
1166,3.0,1.0,1.0,1.0
1167,59.0,11.0,1.0,11.0
1168,66.0,6.0,1.0,6.0
1169,26.0,1.0,1.0,1.0
1170,17.0,3.0,3.0,3.0
1171,34.0,9.0,7.0,6.0
1172,25.0,3.0,1.0,3.0
1173,12.0,1.0,1.0,1.0
1174,63.0,7.0,6.0,7.0
1175,17.0,2.0,1.0,2.0
1176,61.0,7.0,6.0,7.0
1177,16.0,2.0,1.0,2.0
1178,19.0,2.0,1.0,2.0
1179,11.0,1.0,1.0,1.0
1180,19.0,2.0,1.0,2.0
1181,19.0,2.0,1.0,2.0
1182,18.0,2.0,1.0,2.0
1183,39.0,4.0,3.0,4.0
1184,60.0,10.0,1.0,10.0
1185,17.0,3.0,3.0,3.0
1186,13.0,2.0,1.0,2.0
1187,13.0,2.0,1.0,2.0
1188,23.0,6.0,4.0,5.0
1189,149.0,25.0,19.0,25.0
1190,25.0,1.0,1.0,1.0
1191,41.0,5.0,3.0,5.0
1192,5.0,1.0,1.0,1.0
1193,3.0,1.0,1.0,1.0
1194,12.0,1.0,1.0,1.0
1195,2.0,1.0,1.0,1.0
1196,2.0,1.0,1.0,1.0
1197,37.0,5.0,3.0,5.0
1198,2.0,1.0,1.0,1.0
1199,2.0,1.0,1.0,1.0
1200,8.0,1.0,1.0,1.0
1201,32.0,4.0,3.0,4.0
1202,2.0,1.0,1.0,1.0
1203,13.0,1.0,1.0,1.0
1204,37.0,5.0,3.0,5.0
1205,2.0,1.0,1.0,1.0
1206,11.0,1.0,1.0,1.0
1207,2.0,1.0,1.0,1.0
1208,33.0,4.0,3.0,4.0
1209,13.0,1.0,1.0,1.0
1210,16.0,3.0,1.0,3.0
1211,2.0,1.0,1.0,1.0
1212,4.0,1.0,1.0,1.0
1213,30.0,1.0,1.0,1.0
1214,4.0,1.0,1.0,1.0
1215,6.0,1.0,1.0,1.0
1216,6.0,1.0,1.0,1.0
1217,62.0,11.0,11.0,11.0
1218,2.0,1.0,1.0,1.0
1219,2.0,1.0,1.0,1.0
1220,2.0,1.0,1.0,1.0
1221,2.0,1.0,1.0,1.0
1222,1.0,1.0,1.0,1.0
1223,1.0,1.0,1.0,1.0
1224,1.0,1.0,1.0,1.0
1225,1.0,1.0,1.0,1.0
1226,1.0,1.0,1.0,1.0
1227,1.0,1.0,1.0,1.0
1228,1.0,1.0,1.0,1.0
1229,1.0,1.0,1.0,1.0
1230,1.0,1.0,1.0,1.0
1231,25.0,3.0,1.0,3.0
1232,25.0,3.0,1.0,3.0
1233,25.0,3.0,1.0,3.0
1234,25.0,3.0,1.0,3.0
1235,25.0,3.0,1.0,3.0
1236,1.0,1.0,1.0,1.0
1237,1.0,1.0,1.0,1.0
1238,1.0,1.0,1.0,1.0
1239,1.0,1.0,1.0,1.0
1240,1.0,1.0,1.0,1.0
1241,1.0,1.0,1.0,1.0
1242,42.0,5.0,3.0,4.0
1243,49.0,5.0,3.0,4.0
1244,48.0,5.0,3.0,5.0
1245,42.0,5.0,3.0,4.0
1246,1.0,1.0,1.0,1.0
1247,1.0,1.0,1.0,1.0
1248,8.0,1.0,1.0,1.0
1249,136.0,19.0,9.0,18.0
1250,2.0,1.0,1.0,1.0
1251,2.0,1.0,1.0,1.0
1252,123.0,21.0,13.0,21.0
1253,2.0,1.0,1.0,1.0
1254,2.0,1.0,1.0,1.0
1255,2.0,1.0,1.0,1.0
1256,2.0,1.0,1.0,1.0
1257,4.0,1.0,1.0,1.0
1258,2.0,1.0,1.0,1.0
1259,4.0,1.0,1.0,1.0
1260,2.0,1.0,1.0,1.0
1261,2.0,1.0,1.0,1.0
1262,2.0,1.0,1.0,1.0
1263,59.0,11.0,8.0,11.0
1264,91.0,17.0,10.0,17.0
1265,49.0,5.0,1.0,5.0
1266,77.0,13.0,8.0,13.0
1267,76.0,14.0,8.0,14.0
1268,54.0,9.0,1.0,9.0
1269,57.0,10.0,1.0,10.0
1270,7.0,1.0,1.0,1.0
1271,92.0,10.0,3.0,10.0
1272,63.0,12.0,1.0,12.0
1273,48.0,8.0,1.0,8.0
1274,65.0,12.0,1.0,12.0
1275,18.0,4.0,4.0,3.0
1276,46.0,5.0,1.0,5.0
1277,7.0,1.0,1.0,1.0
1278,43.0,4.0,1.0,4.0
1279,32.0,2.0,1.0,2.0
1280,22.0,2.0,1.0,2.0
1281,15.0,1.0,1.0,1.0
1282,15.0,1.0,1.0,1.0
1283,15.0,1.0,1.0,1.0
1284,57.0,8.0,1.0,8.0
1285,52.0,7.0,1.0,7.0
1286,1.0,1.0,1.0,1.0
1287,4.0,1.0,1.0,1.0
1288,14.0,1.0,1.0,1.0
1289,14.0,1.0,1.0,1.0
1290,13.0,1.0,1.0,1.0
1291,14.0,1.0,1.0,1.0
1292,9.0,1.0,1.0,1.0
1293,23.0,3.0,1.0,3.0
1294,23.0,3.0,1.0,3.0
1295,17.0,2.0,1.0,2.0
1296,31.0,5.0,3.0,4.0
1297,17.0,2.0,1.0,2.0
1298,8.0,2.0,1.0,2.0
1299,5.0,2.0,1.0,1.0
1300,3.0,1.0,1.0,1.0
1301,3.0,1.0,1.0,1.0
1302,3.0,1.0,1.0,1.0
1303,3.0,1.0,1.0,1.0
1304,12.0,2.0,1.0,2.0
1305,3.0,1.0,1.0,1.0
1306,59.0,7.0,7.0,6.0
1307,53.0,6.0,4.0,5.0
1308,28.0,3.0,1.0,3.0
1309,6.0,1.0,1.0,1.0
1310,62.0,7.0,7.0,6.0
1311,6.0,1.0,1.0,1.0
1312,50.0,4.0,3.0,4.0
1313,131.0,9.0,7.0,7.0
1314,2.0,1.0,1.0,1.0
1315,91.0,9.0,4.0,8.0
1316,4.0,1.0,1.0,1.0
1317,49.0,8.0,3.0,7.0
1318,63.0,5.0,1.0,5.0
1319,131.0,9.0,7.0,7.0
1320,21.0,2.0,1.0,2.0
1321,9.0,1.0,1.0,1.0
1322,34.0,5.0,4.0,4.0
1323,6.0,1.0,1.0,1.0
1324,2.0,1.0,1.0,1.0
1325,56.0,7.0,1.0,5.0
1326,17.0,2.0,1.0,2.0
1327,65.0,7.0,7.0,6.0
1328,29.0,4.0,1.0,3.0
1329,10.0,1.0,1.0,1.0
1330,2.0,1.0,1.0,1.0
1331,1.0,1.0,1.0,1.0
1332,4.0,1.0,1.0,1.0
1333,4.0,1.0,1.0,1.0
1334,2.0,1.0,1.0,1.0
1335,2.0,1.0,1.0,1.0
1336,6.0,1.0,1.0,1.0
1337,4.0,1.0,1.0,1.0
1338,4.0,1.0,1.0,1.0
1339,25.0,2.0,1.0,2.0
1340,7.0,1.0,1.0,1.0
1341,2.0,1.0,1.0,1.0
1342,2.0,1.0,1.0,1.0
1343,72.0,7.0,5.0,6.0
1344,45.0,3.0,1.0,3.0
1345,1.0,1.0,1.0,1.0
1346,1.0,1.0,1.0,1.0
1347,7.0,1.0,1.0,1.0
1348,1.0,1.0,1.0,1.0
1349,2.0,1.0,1.0,1.0
1350,41.0,2.0,1.0,2.0
1351,5.0,1.0,1.0,1.0
1352,30.0,3.0,1.0,3.0
1353,53.0,5.0,5.0,3.0
1354,123.0,15.0,9.0,12.0
1355,2.0,1.0,1.0,1.0
1356,6.0,1.0,1.0,1.0
1357,1.0,1.0,1.0,1.0
1358,44.0,5.0,4.0,5.0
1359,13.0,1.0,1.0,1.0
1360,13.0,1.0,1.0,1.0
1361,44.0,5.0,4.0,5.0
1362,6.0,1.0,1.0,1.0
1363,7.0,1.0,1.0,1.0
1364,118.0,19.0,7.0,16.0
1365,65.0,7.0,5.0,7.0
1366,129.0,22.0,16.0,17.0
1367,7.0,1.0,1.0,1.0
1368,44.0,5.0,4.0,5.0
1369,14.0,1.0,1.0,1.0
1370,6.0,1.0,1.0,1.0
1371,2.0,2.0,1.0,1.0
1372,2.0,1.0,1.0,1.0
1373,2.0,2.0,1.0,1.0
1374,58.0,5.0,3.0,4.0
1375,4.0,1.0,1.0,1.0
1376,75.0,10.0,5.0,9.0
1377,95.0,18.0,13.0,14.0
1378,18.0,2.0,1.0,2.0
1379,6.0,1.0,1.0,1.0
1380,2.0,1.0,1.0,1.0
1381,47.0,7.0,6.0,5.0
1382,10.0,1.0,1.0,1.0
1383,2.0,1.0,1.0,1.0
1384,2.0,1.0,1.0,1.0
1385,2.0,1.0,1.0,1.0
1386,27.0,2.0,1.0,2.0
1387,27.0,2.0,1.0,2.0
1388,27.0,2.0,1.0,2.0
1389,36.0,5.0,1.0,5.0
1390,38.0,4.0,4.0,4.0
1391,81.0,7.0,1.0,6.0
1392,26.0,2.0,1.0,2.0
1393,8.0,1.0,1.0,1.0
1394,71.0,10.0,8.0,10.0
1395,70.0,10.0,8.0,10.0
1396,1.0,1.0,1.0,1.0
1397,4.0,1.0,1.0,1.0
1398,1.0,1.0,1.0,1.0
1399,1.0,1.0,1.0,1.0
1400,1.0,1.0,1.0,1.0
1401,4.0,1.0,1.0,1.0
1402,4.0,1.0,1.0,1.0
1403,1.0,1.0,1.0,1.0
1404,4.0,1.0,1.0,1.0
1405,1.0,1.0,1.0,1.0
1406,3.0,1.0,1.0,1.0
1407,2.0,1.0,1.0,1.0
1408,85.0,11.0,6.0,9.0
1409,150.0,17.0,8.0,15.0
1410,148.0,19.0,12.0,14.0
1411,2.0,1.0,1.0,1.0
1412,3.0,1.0,1.0,1.0
1413,155.0,24.0,19.0,18.0
1414,4.0,1.0,1.0,1.0
1415,118.0,14.0,11.0,11.0
1416,108.0,12.0,11.0,10.0
1417,8.0,2.0,1.0,2.0
1418,32.0,6.0,1.0,4.0
1419,3.0,1.0,1.0,1.0
1420,3.0,1.0,1.0,1.0
1421,10.0,2.0,1.0,2.0
1422,3.0,1.0,1.0,1.0
1423,46.0,2.0,1.0,2.0
1424,12.0,1.0,1.0,1.0
1425,15.0,2.0,1.0,2.0
1426,7.0,1.0,1.0,1.0
1427,7.0,1.0,1.0,1.0
1428,11.0,1.0,1.0,1.0
1429,42.0,5.0,5.0,4.0
1430,85.0,6.0,1.0,6.0
1431,11.0,1.0,1.0,1.0
1432,4.0,1.0,1.0,1.0
1433,6.0,1.0,1.0,1.0
1434,3.0,1.0,1.0,1.0
1435,10.0,1.0,1.0,1.0
1436,10.0,1.0,1.0,1.0
1437,19.0,1.0,1.0,1.0
1438,78.0,10.0,1.0,10.0
1439,68.0,5.0,1.0,5.0
1440,61.0,8.0,5.0,8.0
1441,2.0,1.0,1.0,1.0
1442,6.0,1.0,1.0,1.0
1443,25.0,1.0,1.0,1.0
1444,2.0,1.0,1.0,1.0
1445,2.0,1.0,1.0,1.0
1446,3.0,1.0,1.0,1.0
1447,3.0,1.0,1.0,1.0
1448,3.0,1.0,1.0,1.0
1449,18.0,2.0,1.0,2.0
1450,16.0,2.0,1.0,2.0
1451,4.0,1.0,1.0,1.0
1452,48.0,5.0,5.0,4.0
1453,28.0,2.0,1.0,2.0
1454,1.0,1.0,1.0,1.0
1455,28.0,2.0,1.0,2.0
1456,75.0,5.0,1.0,5.0
1457,14.0,1.0,1.0,1.0
1458,8.0,1.0,1.0,1.0
1459,2.0,1.0,1.0,1.0
1460,65.0,7.0,7.0,5.0
1461,54.0,6.0,5.0,4.0
1462,13.0,2.0,1.0,2.0
1463,18.0,2.0,1.0,2.0
1464,5.0,1.0,1.0,1.0
1465,4.0,1.0,1.0,1.0
1466,4.0,1.0,1.0,1.0
1467,5.0,1.0,1.0,1.0
1468,12.0,1.0,1.0,1.0
1469,12.0,1.0,1.0,1.0
1470,46.0,5.0,5.0,4.0
1471,47.0,5.0,5.0,4.0
1472,39.0,4.0,1.0,4.0
1473,2.0,1.0,1.0,1.0
1474,2.0,1.0,1.0,1.0
1475,2.0,1.0,1.0,1.0
1476,1.0,1.0,1.0,1.0
1477,9.0,1.0,1.0,1.0
1478,9.0,1.0,1.0,1.0
1479,49.0,4.0,3.0,3.0
1480,1.0,1.0,1.0,1.0
1481,1.0,1.0,1.0,1.0
1482,19.0,2.0,1.0,2.0
1483,32.0,3.0,1.0,3.0
1484,15.0,2.0,1.0,2.0
1485,16.0,2.0,1.0,2.0
1486,9.0,1.0,1.0,1.0
1487,16.0,1.0,1.0,1.0
1488,14.0,1.0,1.0,1.0
1489,9.0,1.0,1.0,1.0
1490,6.0,1.0,1.0,1.0
1491,17.0,2.0,1.0,2.0
1492,17.0,2.0,1.0,2.0
1493,15.0,2.0,1.0,2.0
1494,16.0,2.0,1.0,2.0
1495,22.0,2.0,1.0,2.0
1496,50.0,4.0,3.0,3.0
1497,3.0,1.0,1.0,1.0
1498,3.0,1.0,1.0,1.0
1499,36.0,5.0,1.0,4.0
1500,18.0,1.0,1.0,1.0
1501,12.0,1.0,1.0,1.0
1502,25.0,3.0,1.0,3.0
1503,13.0,2.0,1.0,2.0
1504,5.0,1.0,1.0,1.0
1505,3.0,1.0,1.0,1.0
1506,4.0,1.0,1.0,1.0
1507,11.0,1.0,1.0,1.0
1508,45.0,7.0,3.0,7.0
1509,13.0,2.0,1.0,2.0
1510,6.0,1.0,1.0,1.0
1511,16.0,1.0,1.0,1.0
1512,6.0,1.0,1.0,1.0
1513,2.0,1.0,1.0,1.0
1514,2.0,1.0,1.0,1.0
1515,2.0,1.0,1.0,1.0
1516,2.0,1.0,1.0,1.0
1517,42.0,5.0,3.0,5.0
1518,2.0,1.0,1.0,1.0
1519,135.0,29.0,13.0,29.0
1520,4.0,1.0,1.0,1.0
1521,4.0,1.0,1.0,1.0
1522,61.0,5.0,1.0,5.0
1523,25.0,3.0,1.0,3.0
1524,12.0,1.0,1.0,1.0
1525,44.0,5.0,3.0,5.0
1526,4.0,1.0,1.0,1.0
1527,11.0,1.0,1.0,1.0
1528,57.0,9.0,1.0,6.0
1529,39.0,9.0,7.0,7.0
1530,4.0,1.0,1.0,1.0
1531,1.0,1.0,1.0,1.0
1532,4.0,1.0,1.0,1.0
1533,7.0,1.0,1.0,1.0
1534,7.0,2.0,1.0,2.0
1535,4.0,1.0,1.0,1.0
1536,3.0,1.0,1.0,1.0
1537,4.0,1.0,1.0,1.0
1538,6.0,1.0,1.0,1.0
1539,5.0,1.0,1.0,1.0
1540,20.0,2.0,1.0,2.0
1541,5.0,1.0,1.0,1.0
1542,14.0,1.0,1.0,1.0
1543,2.0,1.0,1.0,1.0
1544,2.0,1.0,1.0,1.0
1545,18.0,1.0,1.0,1.0
1546,2.0,2.0,1.0,2.0
1547,2.0,1.0,1.0,1.0
1548,9.0,2.0,1.0,1.0
1549,5.0,1.0,1.0,1.0
1550,2.0,1.0,1.0,1.0
1551,16.0,2.0,1.0,2.0
1552,17.0,2.0,1.0,2.0
1553,2.0,1.0,1.0,1.0
1554,10.0,2.0,1.0,2.0
1555,4.0,1.0,1.0,1.0
1556,2.0,1.0,1.0,1.0
1557,4.0,1.0,1.0,1.0
1558,4.0,1.0,1.0,1.0
1559,2.0,1.0,1.0,1.0
1560,1.0,1.0,1.0,1.0
1561,4.0,1.0,1.0,1.0
1562,3.0,1.0,1.0,1.0
1563,2.0,1.0,1.0,1.0
1564,1.0,1.0,1.0,1.0
1565,1.0,1.0,1.0,1.0
1566,4.0,1.0,1.0,1.0
1567,3.0,1.0,1.0,1.0
1568,2.0,1.0,1.0,1.0
1569,4.0,1.0,1.0,1.0
1570,1.0,1.0,1.0,1.0
1571,2.0,1.0,1.0,1.0
1572,4.0,1.0,1.0,1.0
1573,5.0,1.0,1.0,1.0
1574,6.0,1.0,1.0,1.0
1575,6.0,1.0,1.0,1.0
1576,3.0,1.0,1.0,1.0
1577,4.0,1.0,1.0,1.0
1578,4.0,1.0,1.0,1.0
1579,11.0,1.0,1.0,1.0
1580,2.0,1.0,1.0,1.0
1581,4.0,1.0,1.0,1.0
1582,48.0,7.0,6.0,6.0
1583,3.0,1.0,1.0,1.0
1584,11.0,1.0,1.0,1.0
1585,4.0,1.0,1.0,1.0
1586,5.0,1.0,1.0,1.0
1587,1.0,1.0,1.0,1.0
1588,4.0,1.0,1.0,1.0
1589,4.0,1.0,1.0,1.0
1590,14.0,1.0,1.0,1.0
1591,10.0,2.0,1.0,1.0
1592,15.0,2.0,1.0,2.0
1593,12.0,2.0,1.0,2.0
1594,5.0,1.0,1.0,1.0
1595,7.0,2.0,1.0,2.0
1596,7.0,1.0,1.0,1.0
1597,6.0,1.0,1.0,1.0
1598,6.0,1.0,1.0,1.0
1599,9.0,1.0,1.0,1.0
1600,2.0,1.0,1.0,1.0
1601,2.0,1.0,1.0,1.0
1602,2.0,1.0,1.0,1.0
1603,2.0,1.0,1.0,1.0
1604,2.0,1.0,1.0,1.0
1605,2.0,1.0,1.0,1.0
1606,2.0,1.0,1.0,1.0
1607,1.0,1.0,1.0,1.0
1608,1.0,1.0,1.0,1.0
1609,2.0,1.0,1.0,1.0
1610,2.0,1.0,1.0,1.0
1611,2.0,1.0,1.0,1.0
1612,2.0,1.0,1.0,1.0
1613,2.0,1.0,1.0,1.0
1614,2.0,1.0,1.0,1.0
1615,2.0,1.0,1.0,1.0
1616,2.0,1.0,1.0,1.0
1617,2.0,1.0,1.0,1.0
1618,2.0,1.0,1.0,1.0
1619,2.0,1.0,1.0,1.0
1620,2.0,1.0,1.0,1.0
1621,1.0,1.0,1.0,1.0
1622,2.0,1.0,1.0,1.0
1623,2.0,1.0,1.0,1.0
1624,1.0,1.0,1.0,1.0
1625,2.0,1.0,1.0,1.0
1626,2.0,1.0,1.0,1.0
1627,2.0,1.0,1.0,1.0
1628,2.0,1.0,1.0,1.0
1629,2.0,1.0,1.0,1.0
1630,8.0,1.0,1.0,1.0
1631,2.0,1.0,1.0,1.0
1632,1.0,1.0,1.0,1.0
1633,2.0,1.0,1.0,1.0
1634,2.0,1.0,1.0,1.0
1635,2.0,1.0,1.0,1.0
1636,2.0,1.0,1.0,1.0
1637,2.0,1.0,1.0,1.0
1638,2.0,1.0,1.0,1.0
1639,2.0,1.0,1.0,1.0
1640,2.0,1.0,1.0,1.0
1641,2.0,1.0,1.0,1.0
1642,2.0,1.0,1.0,1.0
1643,2.0,1.0,1.0,1.0
1644,2.0,1.0,1.0,1.0
1645,2.0,1.0,1.0,1.0
1646,2.0,1.0,1.0,1.0
1647,2.0,1.0,1.0,1.0
1648,23.0,1.0,1.0,1.0
1649,2.0,1.0,1.0,1.0
1650,6.0,1.0,1.0,1.0
1651,2.0,1.0,1.0,1.0
1652,2.0,1.0,1.0,1.0
1653,2.0,1.0,1.0,1.0
1654,2.0,1.0,1.0,1.0
1655,5.0,1.0,1.0,1.0
1656,6.0,1.0,1.0,1.0
1657,1.0,1.0,1.0,1.0
1658,2.0,2.0,1.0,1.0
1659,1.0,1.0,1.0,1.0
1660,3.0,3.0,1.0,2.0
1661,3.0,3.0,1.0,2.0
1662,2.0,1.0,1.0,1.0
1663,2.0,2.0,1.0,2.0
1664,2.0,1.0,1.0,1.0
1665,13.0,3.0,3.0,2.0
1666,1.0,1.0,1.0,1.0
1667,2.0,2.0,1.0,2.0
1668,3.0,3.0,3.0,2.0
1669,2.0,1.0,1.0,1.0
1670,2.0,1.0,1.0,1.0
1671,13.0,2.0,1.0,1.0
1672,2.0,1.0,1.0,1.0
1673,3.0,1.0,1.0,1.0
1674,2.0,1.0,1.0,1.0
1675,4.0,1.0,1.0,1.0
1676,4.0,1.0,1.0,1.0
1677,4.0,1.0,1.0,1.0
1678,4.0,1.0,1.0,1.0
1679,4.0,1.0,1.0,1.0
1680,4.0,1.0,1.0,1.0
1681,2.0,1.0,1.0,1.0
1682,1.0,1.0,1.0,1.0
1683,4.0,1.0,1.0,1.0
1684,1.0,1.0,1.0,1.0
1685,4.0,1.0,1.0,1.0
1686,4.0,1.0,1.0,1.0
1687,4.0,1.0,1.0,1.0
1688,4.0,1.0,1.0,1.0
1689,4.0,1.0,1.0,1.0
1690,2.0,1.0,1.0,1.0
1691,3.0,1.0,1.0,1.0
1692,28.0,3.0,3.0,2.0
1693,4.0,1.0,1.0,1.0
1694,2.0,1.0,1.0,1.0
1695,7.0,1.0,1.0,1.0
1696,9.0,2.0,1.0,1.0
1697,4.0,1.0,1.0,1.0
1698,2.0,1.0,1.0,1.0
1699,2.0,1.0,1.0,1.0
1700,2.0,1.0,1.0,1.0
1701,2.0,1.0,1.0,1.0
1702,27.0,5.0,4.0,5.0
1703,2.0,1.0,1.0,1.0
1704,1.0,1.0,1.0,1.0
1705,5.0,2.0,1.0,1.0
1706,5.0,2.0,1.0,1.0
1707,5.0,2.0,1.0,1.0
1708,5.0,2.0,1.0,1.0
1709,5.0,2.0,1.0,1.0
1710,5.0,2.0,1.0,1.0
1711,4.0,1.0,1.0,1.0
1712,4.0,1.0,1.0,1.0
1713,1.0,1.0,1.0,1.0
1714,35.0,6.0,3.0,5.0
1715,8.0,1.0,1.0,1.0
1716,10.0,2.0,1.0,2.0
1717,2.0,1.0,1.0,1.0
1718,5.0,2.0,1.0,1.0
1719,5.0,2.0,1.0,1.0
1720,5.0,2.0,1.0,1.0
1721,5.0,2.0,1.0,1.0
1722,2.0,1.0,1.0,1.0
1723,2.0,1.0,1.0,1.0
1724,2.0,1.0,1.0,1.0
1725,2.0,1.0,1.0,1.0
1726,4.0,1.0,1.0,1.0
1727,4.0,1.0,1.0,1.0
1728,16.0,2.0,1.0,2.0
1729,18.0,1.0,1.0,1.0
1730,7.0,1.0,1.0,1.0
1731,2.0,1.0,1.0,1.0
1732,2.0,1.0,1.0,1.0
1733,2.0,1.0,1.0,1.0
1734,2.0,1.0,1.0,1.0
1735,10.0,2.0,1.0,2.0
1736,5.0,1.0,1.0,1.0
1737,3.0,1.0,1.0,1.0
1738,3.0,1.0,1.0,1.0
1739,3.0,1.0,1.0,1.0
1740,3.0,1.0,1.0,1.0
1741,3.0,1.0,1.0,1.0
1742,3.0,1.0,1.0,1.0
1743,3.0,1.0,1.0,1.0
1744,3.0,1.0,1.0,1.0
1745,3.0,1.0,1.0,1.0
1746,13.0,3.0,1.0,3.0
1747,27.0,6.0,1.0,2.0
1748,43.0,4.0,1.0,2.0
1749,9.0,1.0,1.0,1.0
1750,23.0,1.0,1.0,1.0
1751,25.0,4.0,1.0,3.0
1752,4.0,1.0,1.0,1.0
1753,4.0,1.0,1.0,1.0
1754,4.0,1.0,1.0,1.0
1755,11.0,1.0,1.0,1.0
1756,4.0,1.0,1.0,1.0
1757,74.0,6.0,5.0,6.0
1758,44.0,4.0,1.0,4.0
1759,20.0,1.0,1.0,1.0
1760,13.0,1.0,1.0,1.0
1761,5.0,1.0,1.0,1.0
1762,19.0,2.0,1.0,1.0
1763,9.0,1.0,1.0,1.0
1764,19.0,2.0,1.0,1.0
1765,46.0,4.0,1.0,4.0
1766,68.0,9.0,8.0,9.0
1767,20.0,1.0,1.0,1.0
1768,14.0,1.0,1.0,1.0
1769,5.0,1.0,1.0,1.0
1770,22.0,1.0,1.0,1.0
1771,16.0,1.0,1.0,1.0
1772,5.0,1.0,1.0,1.0
1773,41.0,3.0,1.0,3.0
1774,14.0,1.0,1.0,1.0
1775,10.0,1.0,1.0,1.0
1776,44.0,4.0,1.0,4.0
1777,34.0,2.0,1.0,2.0
1778,7.0,1.0,1.0,1.0
1779,5.0,1.0,1.0,1.0
1780,7.0,1.0,1.0,1.0
1781,20.0,1.0,1.0,1.0
1782,9.0,1.0,1.0,1.0
1783,5.0,1.0,1.0,1.0
1784,74.0,9.0,7.0,6.0
1785,25.0,3.0,1.0,2.0
1786,82.0,7.0,1.0,6.0
1787,12.0,1.0,1.0,1.0
1788,13.0,1.0,1.0,1.0
1789,15.0,2.0,1.0,2.0
1790,22.0,1.0,1.0,1.0
1791,27.0,2.0,1.0,2.0
1792,34.0,3.0,1.0,3.0
1793,44.0,4.0,1.0,4.0
1794,7.0,1.0,1.0,1.0
1795,8.0,1.0,1.0,1.0
1796,102.0,13.0,10.0,11.0
1797,9.0,1.0,1.0,1.0
1798,13.0,2.0,1.0,2.0
1799,40.0,5.0,1.0,4.0
1800,5.0,1.0,1.0,1.0
1801,5.0,1.0,1.0,1.0
1802,6.0,1.0,1.0,1.0
1803,39.0,5.0,5.0,5.0
1804,3.0,1.0,1.0,1.0
1805,3.0,1.0,1.0,1.0
1806,3.0,1.0,1.0,1.0
1807,1.0,1.0,1.0,1.0
1808,34.0,1.0,1.0,1.0
1809,3.0,1.0,1.0,1.0
1810,8.0,1.0,1.0,1.0
1811,8.0,1.0,1.0,1.0
1812,39.0,3.0,1.0,3.0
1813,34.0,3.0,1.0,3.0
1814,4.0,1.0,1.0,1.0
1815,6.0,1.0,1.0,1.0
1816,24.0,4.0,3.0,2.0
1817,6.0,1.0,1.0,1.0
1818,8.0,1.0,1.0,1.0
1819,6.0,1.0,1.0,1.0
1820,12.0,1.0,1.0,1.0
1821,4.0,1.0,1.0,1.0
1822,7.0,1.0,1.0,1.0
1823,4.0,1.0,1.0,1.0
1824,4.0,1.0,1.0,1.0
1825,4.0,1.0,1.0,1.0
1826,4.0,1.0,1.0,1.0
1827,4.0,1.0,1.0,1.0
1828,7.0,1.0,1.0,1.0
1829,6.0,1.0,1.0,1.0
1830,6.0,1.0,1.0,1.0
1831,6.0,1.0,1.0,1.0
1832,1.0,1.0,1.0,1.0
1833,2.0,1.0,1.0,1.0
1834,4.0,1.0,1.0,1.0
1835,1.0,1.0,1.0,1.0
1836,9.0,1.0,1.0,1.0
1837,26.0,5.0,4.0,5.0
1838,17.0,2.0,1.0,2.0
1839,1.0,1.0,1.0,1.0
1840,31.0,4.0,3.0,3.0
1841,4.0,1.0,1.0,1.0
1842,4.0,1.0,1.0,1.0
1843,1.0,1.0,1.0,1.0
1844,1.0,1.0,1.0,1.0
1845,6.0,1.0,1.0,1.0
1846,6.0,1.0,1.0,1.0
1847,7.0,1.0,1.0,1.0
1848,1.0,1.0,1.0,1.0
1849,40.0,4.0,1.0,4.0
1850,6.0,1.0,1.0,1.0
1851,21.0,4.0,1.0,4.0
1852,1.0,1.0,1.0,1.0
1853,1.0,1.0,1.0,1.0
1854,1.0,1.0,1.0,1.0
1855,1.0,1.0,1.0,1.0
1856,10.0,1.0,1.0,1.0
1857,17.0,2.0,1.0,2.0
1858,26.0,5.0,4.0,5.0
1859,1.0,1.0,1.0,1.0
1860,1.0,1.0,1.0,1.0
1861,1.0,1.0,1.0,1.0
1862,1.0,1.0,1.0,1.0
1863,4.0,1.0,1.0,1.0
1864,4.0,1.0,1.0,1.0
1865,4.0,1.0,1.0,1.0
1866,4.0,1.0,1.0,1.0
1867,19.0,2.0,1.0,2.0
1868,11.0,1.0,1.0,1.0
1869,39.0,4.0,1.0,4.0
1870,1.0,1.0,1.0,1.0
1871,9.0,2.0,1.0,1.0
1872,1.0,1.0,1.0,1.0
1873,1.0,1.0,1.0,1.0
1874,4.0,1.0,1.0,1.0
1875,6.0,1.0,1.0,1.0
1876,2.0,1.0,1.0,1.0
1877,4.0,1.0,1.0,1.0
1878,49.0,4.0,1.0,4.0
1879,24.0,1.0,1.0,1.0
1880,46.0,3.0,1.0,3.0
1881,18.0,1.0,1.0,1.0
1882,5.0,1.0,1.0,1.0
1883,43.0,4.0,1.0,4.0
1884,20.0,1.0,1.0,1.0
1885,9.0,1.0,1.0,1.0
1886,5.0,1.0,1.0,1.0
1887,4.0,1.0,1.0,1.0
1888,162.0,28.0,16.0,16.0
1889,4.0,1.0,1.0,1.0
1890,20.0,3.0,1.0,3.0
1891,20.0,3.0,1.0,3.0
1892,20.0,3.0,1.0,3.0
1893,20.0,3.0,1.0,3.0
1894,20.0,3.0,1.0,3.0
1895,19.0,3.0,1.0,3.0
1896,19.0,3.0,1.0,3.0
1897,20.0,3.0,1.0,3.0
1898,20.0,3.0,1.0,3.0
1899,20.0,3.0,1.0,3.0
1900,20.0,3.0,1.0,3.0
1901,20.0,3.0,1.0,3.0
1902,20.0,3.0,1.0,3.0
1903,19.0,3.0,1.0,3.0
1904,4.0,1.0,1.0,1.0
1905,64.0,6.0,1.0,6.0
1906,4.0,1.0,1.0,1.0
1907,4.0,1.0,1.0,1.0
1908,4.0,1.0,1.0,1.0
1909,19.0,3.0,1.0,3.0
1910,19.0,3.0,1.0,3.0
1911,6.0,1.0,1.0,1.0
1912,4.0,1.0,1.0,1.0
1913,4.0,1.0,1.0,1.0
1914,6.0,1.0,1.0,1.0
1915,6.0,1.0,1.0,1.0
1916,9.0,1.0,1.0,1.0
1917,54.0,5.0,1.0,5.0
1918,112.0,6.0,1.0,6.0
1919,11.0,1.0,1.0,1.0
1920,22.0,1.0,1.0,1.0
1921,17.0,1.0,1.0,1.0
1922,5.0,1.0,1.0,1.0
1923,14.0,1.0,1.0,1.0
1924,10.0,1.0,1.0,1.0
1925,8.0,1.0,1.0,1.0
1926,11.0,1.0,1.0,1.0
1927,6.0,1.0,1.0,1.0
1928,7.0,1.0,1.0,1.0
1929,6.0,1.0,1.0,1.0
1930,5.0,1.0,1.0,1.0
1931,12.0,3.0,3.0,3.0
1932,16.0,1.0,1.0,1.0
1933,25.0,4.0,1.0,2.0
1934,4.0,1.0,1.0,1.0
1935,4.0,1.0,1.0,1.0
1936,11.0,2.0,1.0,2.0
1937,10.0,2.0,1.0,1.0
1938,40.0,3.0,3.0,3.0
1939,24.0,2.0,1.0,2.0
1940,9.0,1.0,1.0,1.0
1941,6.0,1.0,1.0,1.0
1942,16.0,1.0,1.0,1.0
1943,27.0,1.0,1.0,1.0
1944,15.0,1.0,1.0,1.0
1945,15.0,2.0,1.0,2.0
1946,4.0,1.0,1.0,1.0
1947,63.0,9.0,1.0,8.0
1948,4.0,1.0,1.0,1.0
1949,4.0,1.0,1.0,1.0
1950,4.0,1.0,1.0,1.0
1951,4.0,1.0,1.0,1.0
1952,4.0,1.0,1.0,1.0
1953,29.0,3.0,1.0,3.0
1954,27.0,3.0,1.0,3.0
1955,4.0,1.0,1.0,1.0
1956,3.0,1.0,1.0,1.0
1957,5.0,2.0,1.0,2.0
1958,15.0,3.0,1.0,2.0
1959,3.0,1.0,1.0,1.0
1960,4.0,1.0,1.0,1.0
1961,3.0,1.0,1.0,1.0
1962,3.0,1.0,1.0,1.0
1963,8.0,1.0,1.0,1.0
1964,5.0,1.0,1.0,1.0
1965,22.0,2.0,1.0,2.0
1966,30.0,3.0,1.0,3.0
1967,5.0,1.0,1.0,1.0
1968,18.0,3.0,1.0,3.0
1969,7.0,1.0,1.0,1.0
1970,26.0,3.0,1.0,3.0
1971,13.0,1.0,1.0,1.0
1972,2.0,1.0,1.0,1.0
1973,2.0,2.0,1.0,2.0
1974,2.0,1.0,1.0,1.0
1975,5.0,1.0,1.0,1.0
1976,1.0,1.0,1.0,1.0
1977,1.0,1.0,1.0,1.0
1978,2.0,1.0,1.0,1.0
1979,18.0,3.0,1.0,3.0
1980,1.0,1.0,1.0,1.0
1981,1.0,1.0,1.0,1.0
1982,19.0,2.0,1.0,2.0
1983,4.0,1.0,1.0,1.0
1984,3.0,1.0,1.0,1.0
1985,2.0,1.0,1.0,1.0
1986,4.0,1.0,1.0,1.0
1987,26.0,3.0,1.0,3.0
1988,1.0,1.0,1.0,1.0
1989,2.0,1.0,1.0,1.0
1990,4.0,1.0,1.0,1.0
1991,5.0,1.0,1.0,1.0
1992,1.0,1.0,1.0,1.0
1993,3.0,1.0,1.0,1.0
1994,4.0,1.0,1.0,1.0
1995,4.0,1.0,1.0,1.0
1996,23.0,3.0,1.0,3.0
1997,2.0,1.0,1.0,1.0
1998,5.0,1.0,1.0,1.0
1999,3.0,1.0,1.0,1.0
2000,3.0,1.0,1.0,1.0
2001,4.0,1.0,1.0,1.0
2002,4.0,1.0,1.0,1.0
2003,3.0,1.0,1.0,1.0
2004,6.0,1.0,1.0,1.0
2005,4.0,1.0,1.0,1.0
2006,1.0,1.0,1.0,1.0
2007,4.0,1.0,1.0,1.0
2008,16.0,1.0,1.0,1.0
2009,11.0,2.0,1.0,2.0
2010,6.0,1.0,1.0,1.0
2011,8.0,1.0,1.0,1.0
2012,19.0,5.0,4.0,5.0
2013,6.0,1.0,1.0,1.0
2014,9.0,1.0,1.0,1.0
2015,48.0,9.0,7.0,6.0
2016,4.0,1.0,1.0,1.0
2017,2.0,1.0,1.0,1.0
2018,2.0,1.0,1.0,1.0
2019,52.0,6.0,5.0,5.0
2020,2.0,1.0,1.0,1.0
2021,2.0,1.0,1.0,1.0
2022,2.0,1.0,1.0,1.0
2023,2.0,1.0,1.0,1.0
2024,2.0,1.0,1.0,1.0
2025,11.0,2.0,1.0,2.0
2026,2.0,1.0,1.0,1.0
2027,1.0,1.0,1.0,1.0
2028,2.0,1.0,1.0,1.0
2029,2.0,1.0,1.0,1.0
2030,2.0,1.0,1.0,1.0
2031,2.0,1.0,1.0,1.0
2032,2.0,1.0,1.0,1.0
2033,15.0,3.0,1.0,3.0
2034,13.0,2.0,1.0,2.0
2035,2.0,1.0,1.0,1.0
2036,2.0,1.0,1.0,1.0
2037,2.0,1.0,1.0,1.0
2038,2.0,1.0,1.0,1.0
2039,2.0,1.0,1.0,1.0
2040,2.0,1.0,1.0,1.0
2041,2.0,1.0,1.0,1.0
2042,2.0,1.0,1.0,1.0
2043,6.0,1.0,1.0,1.0
2044,8.0,2.0,1.0,2.0
2045,1.0,1.0,1.0,1.0
2046,1.0,1.0,1.0,1.0
2047,2.0,2.0,1.0,1.0
2048,3.0,3.0,1.0,2.0
2049,2.0,1.0,1.0,1.0
2050,2.0,2.0,1.0,2.0
2051,2.0,1.0,1.0,1.0
2052,2.0,2.0,1.0,2.0
2053,3.0,3.0,3.0,2.0
2054,2.0,1.0,1.0,1.0
2055,2.0,1.0,1.0,1.0
2056,9.0,2.0,1.0,1.0
2057,54.0,6.0,1.0,6.0
2058,24.0,3.0,1.0,3.0
2059,15.0,1.0,1.0,1.0
2060,2.0,1.0,1.0,1.0
2061,3.0,1.0,1.0,1.0
2062,1.0,1.0,1.0,1.0
2063,1.0,1.0,1.0,1.0
2064,9.0,2.0,1.0,2.0
2065,4.0,1.0,1.0,1.0
2066,4.0,1.0,1.0,1.0
2067,4.0,1.0,1.0,1.0
2068,4.0,1.0,1.0,1.0
2069,4.0,1.0,1.0,1.0
2070,4.0,1.0,1.0,1.0
2071,15.0,3.0,1.0,3.0
2072,15.0,3.0,1.0,3.0
2073,4.0,1.0,1.0,1.0
2074,4.0,1.0,1.0,1.0
2075,4.0,1.0,1.0,1.0
2076,2.0,1.0,1.0,1.0
2077,26.0,3.0,1.0,3.0
2078,19.0,4.0,1.0,3.0
2079,19.0,4.0,1.0,3.0
2080,20.0,5.0,1.0,3.0
2081,20.0,5.0,1.0,3.0
2082,4.0,1.0,1.0,1.0
2083,2.0,1.0,1.0,1.0
2084,2.0,1.0,1.0,1.0
2085,2.0,1.0,1.0,1.0
2086,2.0,1.0,1.0,1.0
2087,11.0,2.0,1.0,2.0
2088,10.0,2.0,1.0,2.0
2089,11.0,2.0,1.0,2.0
2090,10.0,2.0,1.0,2.0
2091,18.0,3.0,1.0,3.0
2092,17.0,1.0,1.0,1.0
2093,15.0,2.0,1.0,2.0
2094,2.0,1.0,1.0,1.0
2095,1.0,1.0,1.0,1.0
2096,2.0,1.0,1.0,1.0
2097,19.0,2.0,1.0,2.0
2098,15.0,2.0,1.0,2.0
2099,14.0,2.0,1.0,2.0
2100,14.0,2.0,1.0,2.0
2101,2.0,1.0,1.0,1.0
2102,14.0,2.0,1.0,2.0
2103,4.0,1.0,1.0,1.0
2104,19.0,2.0,1.0,2.0
2105,23.0,3.0,3.0,3.0
2106,2.0,1.0,1.0,1.0
2107,13.0,1.0,1.0,1.0
2108,11.0,2.0,1.0,2.0
